Book_title,Book_Author,Book_Tag,Challenged
Divergent,Veronica Roth,"Young Adult, Dystopia, Fantasy, Ficiton, Science Fiction, Romance, Adventure",0
Harry Potter and the Deathly Hallows,J.K. Rowling,"Fantasy, Young Adult, Fiction, Magic, Childrens, Adventure",0
Harry Potter and the Goblet of Fire,J.K. Rowling,"Fantasy, Young Adult, Fiction, Magic, Childrens, Adventure",0
"Hush, Hush ",Becca Fitzpatrick,"Young Adult, Fantasy, Romance, Paranormal, Angels, Paranormal Romance, Fiction",0
Harry Potter and the Half-Blood Prince,J.K. Rowling,"Fantasy, Young Adult, Fiction, Magic, Childrens, Adventure, Audiobook",0
Harry Potter and the Order of the Phoenix,J.K. Rowling,"Fantasy Young, Adult Fiction, Magic, Childrens, Audiobook, Adventure",0
Twilight,Stephenie Meyer,"Fantasy, Young Adult, Romance, Fiction, Vampires, Paranormal, Paranormal Romance",0
The Host,Stephenie Meyer,"Young Adult, Science Fiction, Fantasy, Romance, Fiction, Dystopia, Paranormal",0
Breaking Dawn,Stephenie Meyer,"Fantasy, Young Adult, Romance, Vampires, Fiction, Paranormal, Paranormal Romance",0
Fallen,Lauren Kate,"Young Adult, Fantasy, Romance, Paranormal, Angels, Paranormal RomanceFiction",0
Pride and Prejudice,Jane Austen,"Classics, Fiction, Romance, Historical Fiction, Literature, Historical, Audiobook",0
Crescendo,Becca Fitzpatrick,"Young Adult, Fantasy, Angels, Romance, Paranormal, Paranormal Romance, Supernatural",0
The Book Thief,Markus Zusak,"Historical Fiction, Fiction, Young Adult, Historical, Classics, WarWorld War II",0
New Moon,Stephenie Meyer,"Fantasy, Young Adult, Romance, Vampires, Fiction, Paranormal, Paranormal Romance",0
The Summoning,Kelley Armstrong,"Young Adult, Fantasy, Paranormal, Urban Fantasy, Supernatural, Romance, Magic",0
Insurgent,Veronica Roth,"Young Adult,Dystopia, Fiction, Fantasy, Science Fiction, Romance, Adventure",0
Harry Potter and the Sorcerer's Stone,J.K. Rowling,"Fantasy, Fiction, Young Adult, Magic, Childrens, Middle Grade, Classics",0
Unearthly,Cynthia Hand,"Young Adult, Fantasy, Angels, Paranormal, Romance, Paranormal Romance, Urban Fantasy",0
Torment,Lauren Kate,"Young Adult, Fantasy, Angels, Romance, Paranormal, Paranormal Romance, Supernatural",0
Across the Universe,Beth Revis,"Young Adult, Science Fiction, Dystopia, Romance, Fantasy, Fiction, Mystery",0
Evermore,Alyson Noel,"Young Adult, Fantasy, Paranormal, Romance, Paranormal Romance, Supernatural, Fiction",0
Silence,Becca Fitzpatrick,"Fantasy, Young Adult, Angels, Romance, Paranormal, Paranormal Romance, Supernatural",0
Under the Never Sky,Veronica Rossi,"Young Adult, Dystopia, Romance, Fantasy, Science Fiction, Fiction, Post Apocalyptic",0
Halo,Alexandra Adornetto,"Young Adult, Angels, Fantasy, Romance,  Paranormal, Paranormal Romance, Supernatural",0
Firelight,Sophie Jordan,"Fantasy, Young Adult, Dragons, Romance, Paranormal, Paranormal Romance, Urban Fantasy",0
Paranormalcy,Kiersten White,"Young Adult, Paranormal, Fantasy, Romance, Vampires, Urban Fantasy, Supernatural",0
Harry Potter and the Prisoner of Azkaban,J.K. Rowling,"Fantasy, Fiction, Young Adult, Magic, Childrens, Middle Grade, Audiobook",0
Blue Bloods,Melissa de la Cruz,"Young Adult, Vampires, Fantasy, Paranormal, Romance, Supernatural, Fiction",0
Eragon,Christopher Paolini,"Fantasy, Young Adult, Fiction, Dragons, Adventure, Magic, High Fantasy",0
Wings,Aprilynne Pike,"Fantasy, Young Adult, Romance, Paranormal, Fairies, Fae, Fiction",0
Nightshade,Andrea Cremer,"Young Adult, Fantasy, Paranormal, Werewolves, Romance, Paranormal Romance, Supernatural",0
The Sisterhood of the Traveling Pants,Ann Brashares,"Young Adult, Fiction, Chick Lit, Contemporary, Romance, Teen, Realistic Fiction",0
Harry Potter and the Chamber of Secrets,J.K. Rowling,"Fantasy, Fiction, Young Adult, Magic, Childrens, Middle Grade, Audiobook",0
Cinder,Marissa Meyer,"Fantasy, Young Adult, Science Fiction, Romance, Dystopia, Retellings, Fiction",0
Starcrossed,Josephine Angelini,"Fantasy, Young Adult, Mythology, Romance, Paranormal, Greek Mythology, Paranormal Romance",0
Midnight Sun,Stephenie Meyer,"Fantasy, Romance, Young Adult, Vampires, Fiction, Paranormal, Audiobook",0
Wicked Lovely,Melissa Marr,"Fantasy, Young Adult, Romance, Paranormal, Urban Fantasy, Fae, Fairies",0
Lock and Key,Sarah Dessen,"Young Adult, Romance, Contemporary, Fiction, Realistic Fiction, Chick Lit, Teen",0
Little Women,Louisa May Alcott,"Classics, Fiction, Historical Fiction, Young Adult, Romance, Historical, Literature",0
The Short Second Life of Bree Tanner,Stephenie Meyer,"Young Adult, Fantasy, Vampires, Paranormal, Fiction, Romance, Supernatural",0
Strange Angels,Lili St. Crow,"Young Adult, Paranormal, Vampires, Fantasy, Urban Fantasy, Werewolves, Supernatural",0
Revelations,Melissa de la Cruz,"Young Adult, Vampires, Fantasy, Paranormal, Romance, Angels, Fiction",0
Passion,Lauren Kate,"Young Adult, Fantasy, Angels, Paranormal, Paranormal Romance, Supernatural, Fiction",0
Angelfire,Courtney Allison Moulton,"Young Adult, Angels, Fantasy, Paranormal, Romance, Paranormal Romance, Urban Fantasy",0
Masquerade,Melissa de la Cruz,"Young Adult, Vampires, Fantasy, Paranormal, Romance, Supernatural, Angels",0
Artemis Fowl,Eoin Colfer,"Fantasy, Young Adult, Fiction, Middle Grade, Childrens, Science Fiction, Adventure",0
Supernaturally,Kiersten White,"Young Adult, Paranormal, Fantasy, Vampires, Romance, Urban Fantasy, Supernatural",0
Shadowland,Alyson Noel,"Young Adult, Fantasy, Paranormal Romance, Paranormal Romance, Supernatural, Fiction",0
Blue Moon,Alyson Noel,"Young Adult, Fantasy,  Paranormal, Romance, Paranormal Romance, Supernatural, Fiction",0
Forever in Blue: The Fourth Summer of the Sisterhood,Ann Brashares,"Young Adult, Fiction, Chick Lit, Contemporary, Romance, Teen, Realistic Fiction",0
The Second Summer of the Sisterhood,Ann Brashares,"Young Adult, Fiction, Chick Lit, Contemporary, Romance, Teen, Realistic Fiction",0
The Catcher in the Rye,J.D. Salinger,"Classics, Fiction, Young Adult, Literature, School, Novels, Coming Of Age ",0
The Gathering,Kelley Armstrong,"Young Adult, Fantasy, Paranormal, Urban Fantasy, Romance, Supernatural, Fiction",0
Girls in Pants: The Third Summer of the Sisterhood,Ann Brashares,"Young Adult, Fiction, Chick Lit, Contemporary, Romance, Teen, Realistic Fiction",0
Need,Carrie Jones,"Young Adult, Fantasy, Paranormal, Romance, Fae, Werewolves, Paranormal Romance",0
Anne of Green Gables,L.M. Montgomery,"Classics, Fiction, Young Adult, Historical Fiction, Childrens, Middle Grade, Audiobook",0
Dark Flame,Alyson Noel,"Young Adult, Fantasy, Paranormal, Romance, Fiction, Supernatural, Paranormal Romance",0
"Are You There God? It's Me, Margaret",Judy Blume,"Young Adult, Fiction, Childrens, Classics, Middle Grade, Coming Of Age, Realistic Fiction",0
Night Star,Alyson Noel,"Young Adult, Fantasy, Paranormal, Romance, Fiction, Supernatural, Paranormal Romance",0
Evernight,Claudia Gray,"Young Adult, Vampires, Fantasy, Paranormal, Romance, Paranormal Romance, Supernatural",0
New England Witch Chronicles,Chelsea Luna,"Witches, Young Adult, Fantasy, Paranormal, Magic, Urban Fantasy, Supernatural",0
"The Lion, the Witch and the Wardrobe ",C.S. Lewis,"Fantasy, Classics, Fiction, Young Adult, Childrens, Middle Grade, Adventure",0
Half-Blood,Jennifer L. Armentrout,"Fantasy, Young Adult, Paranormal, Romance, Mythology, Paranormal Romance, Urban Fantasy",0
Angelfall,Susan Ee,"Fantasy, Young Adult, Angels, Dystopia, Paranormal, Romance, Urban Fantasy",0
When Stars Die,Amber Forbes,"Young Adult, Fantasy, Romance, Paranormal, Magic, Supernatural",0
Jerkbait,Mia Siegert,"LGBT, Young Adult, Contemporary, Sports, Fiction, Queer, Mental Illness",0
Alanna: The First Adventure,Tamora Pierce,"Fantasy Young Adult, Fiction, Magic, Adventure, Young Adult Fantasy, Middle Grade",0
Wicked Betrayal,Chelsea Luna,"Young Adult, Fantasy, Witches, Paranormal, Romance, Magic, Paranormal Romance",0
Along for the Ride,Sarah Dessen,"Young Adult, Romance, Contemporary, Fiction, Chick Lit, Realistic Fiction, Teen",0
The Raven Boys,Maggie Stiefvater,"Fantasy, Young Adult, Paranormal, Romance, Fiction, Urban Fantasy, Magic",0
Anna and the French Kiss,Stephanie Perkins,"Romance, Young Adult, Contemporary, Fiction, Chick Lit, Realistic Fiction, Contemporary Romance",0
The Selection,Kiera Cass,"Romance, Young Adult, Dystopia, Fantasy, Fiction, Science Fiction, Audiobook",0
Beautiful Disaster,Jamie McGuire,"Romance, New Adult, Contemporary, Young Adult, Contemporary Romance, College, Fiction",0
The Last Battle,C.S. Lewis,"Fantasy, Fiction, Classics, Young Adult, Childrens, Christian, Adventure",0
Hex Hall,Rachel Hawkins,"Young Adult, Fantasy, Paranormal, Magic, Romance, Vampires, Witches",0
School Monitor,Alex Dunn,"Young Adult, Mystery, Contemporary, Thriller, Suspense",0
The Lightning Thief,Rick Riordan,"Fantasy, Young Adult, Mythology, Fiction, Middle Grade, Adventure, Greek Mythology",0
Fateful,Claudia Gray,"Young Adult, Paranormal, Historical Fiction, Romance, Fantasy, Werewolves, Historical",0
Stargirl,Jerry Spinelli,"Young Adult, Fiction, Contemporary, Realistic Fiction, Romance, Middle Grade, Childrens",0
The Van Alen Legacy,Melissa de la Cruz,"Young Adult, Vampires, Fantasy, Paranormal, Romance, Angels, Supernatural",0
The Silver Chair,C.S. Lewis,"Fantasy, Fiction, Classics, Young Adult, Childrens, Christian, Adventure",0
The False Princess,Eilis O'Neal,"Fantasy, Young Adult,  Middle Grade, Adventure, Fiction, Young Adult Fantasy, Mystery",0
Hourglass,Claudia Gray,"Young Adult, Vampires, Paranormal, Fantasy, Romance, Paranormal Romance, Supernatural",0
Steelheart,Brandon Sanderson,"Fantasy, Young Adult, Science Fiction, Dystopia, Fiction, Urban Fantasy, Superheroes",0
Tithe,Holly Black,"Fantasy, Young Adult, Urban Fantasy, Fae, Fiction, Romance, Paranormal",0
The Avery Shaw Experiment,Kelly Oram,"Young Adult, Romance, Contemporary, High School, Chick Lit, Humor, Contemporary Romance",0
Stargazer,Claudia Gray,"Young Adult, Vampires, Fantasy, Paranormal, Romance, Paranormal Romance, Supernatural",0
Red Queen,Victoria Aveyard,"Fantasy, Young Adult, Dystopia, Romance, Fiction, Young Adult Fantasy, Magic",0
Scarlet,Marissa Meyer,"Fantasy, Young Adult, Science Fiction, Romance, Retellings, Dystopia, Fiction",0
Watership Down,Richard  Adams,"Classics, Fiction, Fantasy, Young Adult, Animals, Childrens, Adventure",0
Holes,Louis Sachar,"Young Adult, Fiction, Middle Grade, Childrens, Classics, Realistic Fiction, School",0
Glimmerglass,Jenna Black,"Fantasy, Young Adult, Paranormal, Fae, Fairies, Romance, Urban Fantasy",0
Charlie and the Chocolate Factory,Roald Dahl,"Fiction, Fantasy, Childrens, Classics, Young Adult, Middle Grade, Humor",0
Fablehaven,Brandon Mull,"Fantasy, Young Adult, Middle Grade, Fiction, Childrens, Adventure, Magic",0
"I'd Tell You I Love You, But Then I'd Have to Kill You ",Ally Carter,"Young Adult, Romance, Mystery, Contemporary, Fiction, Espionage, Adventure",0
The Maze Runner,James Dashner,"Young Adult, Dystopia, Science Fiction, Fiction, Fantasy, Adventure, Mystery",0
Just Listen,Sarah Dessen,"Young Adult, Romance, Contemporary, Fiction, Realistic Fiction, Chick Lit, Teen",0
Everlasting,Alyson Noel,"Young Adult, Fantasy, Paranormal, Romance, Paranormal Romance, Supernatural, Magic",0
Beauty Queens,Libba Bray,"Young Adult, Contemporary, Humor, Fiction, Audiobook, LGBT, Adventure",0
Brightly Woven,Alexandra Bracken,"Fantasy, Young Adult, Romance, Magic, Adventure, High Fantasy, Young Adult Fantasy",0
Inside Out,Maria V. Snyder,"Young Adult, Dystopia, Science Fiction, Fantasy, Romance, Fiction, Teen",0
The Sphinx Project,Kate Hawkings,"Dystopia, Young Adult, Science Fiction, Zombies, Paranormal, Fantasy, Horror",0
The Rise of Nine,Pittacus Lore,"Young Adult, Fantasy, Science Fiction, Fiction, Aliens, Adventure, Paranormal",0
The Thief,Megan Whalen Turner,"Fantasy, Young Adult, Fiction, Adventure, Historical Fiction, Young Adult Fantasy, High Fantasy",0
A Wizard of Earthsea,Ursula K. Le Guin,"Fantasy, Fiction, Young Adult, Classics, Science Fiction Fantasy, Magic, High Fantasy",0
The King of Attolia,Megan Whalen Turner,"Fantasy, Young Adult, Fiction, Adventure, Romance, Young Adult Fantasy, High Fantasy",0
Foundation,Isaac Asimov,"Science Fiction, Fiction, Classics, Science Fiction Fantasy, Fantasy, Space Opera, Novels",0
Linger,Maggie Stiefvater,"Young Adult, Fantasy, Romance, Paranormal, Werewolves, Fiction, Paranormal Romance",0
The Fallen Star,Jessica Sorensen,"Paranormal, Young Adult. Fantasy, Romance, Vampires, Paranormal Romance, Magic",0
It's Not Summer Without You,Jenny Han,"Romance, Young Adult, Contemporary, Fiction, Audiobook, Chick Lit, Realistic Fiction",0
Blood and Chocolate,Annette Curtis Klause,"Young Adult, Fantasy, Romance, Paranormal, Werewolves, Urban Fantasy, Fiction",0
The Princess Diaries,Meg Cabot,"Young Adult, Romance, Fiction, Contemporary, Chick Lit, Teen, Childrens",0
Ink Exchange,Melissa Marr,"Fantasy, Young Adult, Paranormal, Urban Fantasy, Romance, Fairies, Fae",0
The Golden Compass,Philip Pullman,"Fantasy, Young Adult, Fiction, Childrens, Adventure, Middle Grade, Science Fiction",0
The Arctic Incident,Eoin Colfer,"Fantasy, Young Adult, Fiction, Middle Grade, Science Fiction, Childrens, Adventure",0
Daimon,Jennifer L. Armentrout,"Young Adult, Fantasy, Paranormal, Mythology, Romance, Novella, Paranormal Romance",0
Demons at Deadnight,A.  Kirk,"Paranormal, Young Adult, Fantasy, Demons, Romance, Urban Fantasy, Magic",0
Atonement,Ian McEwan,"Fiction, Historical Fiction, Classics, Romance, Historical, War, Literary Fiction",0
Deadline,Chris Crutcher,"Zombies, Horror, Science Fiction, Fiction, Dystopia, Post Apocalyptic, Young Adult",0
The House of the Scorpion,Nancy Farmer,"Young Adult, Science Fiction, Dystopia, Fiction, Fantasy, Teen, Adventure",0
The Amber Spyglass,Philip Pullman,"Fantasy, Young Adult Fiction, Childrens, Adventure, Science Fiction, Audiobook",0
Terrier,Tamora Pierce,"Fantasy, Young Adult. Fiction,  Magic, Young Adult Fantasy, Mystery,  Adventure",0
Demonglass,Rachel Hawkins,"Young Adult, Fantasy, Paranormal,  Romance, Magic, Vampires, Witches",0
The Pigman,Paul Zindel,"Young Adult, Fiction, Classics, School, Realistic Fiction, Read For School, Teen",0
The Statistical Probability of Love at First Sight,Jennifer E. Smith,"Young Adult, Romance, Contemporary, Fiction, Realistic Fiction, Chick Lit, Young Adult Contemporary",0
Through the Ever Night,Veronica Rossi,"Young Adult, Dystopia, Romance, Fantasy, Science Fiction, Post Apocalyptic. Fiction",0
Pushing the Limits,Katie McGarry,"Romance, Young Adult, Contemporary, New Adult, Contemporary Romance, High School, Realistic Fiction",0
The Westing Game,Ellen Raskin,"Mystery, Fiction, Young Adult, Middle Grade, Classics, Childrens, Mystery Thriller",0
Pure,Jennifer L. Armentrout,"Fantasy, Young Adult, Paranormal, Romance, Mythology, Paranormal Romance, Urban Fantasy",0
The Subtle Knife,Philip Pullman,"Fantasy, Young Adult, Fiction, Childrens, Adventure, Science Fiction, Audiobook",0
Queen of Babble,Meg Cabot,"Chick Lit, Romance, Fiction, Contemporary, Adult, Contemporary Romance, Young Adult",0
Partials,Dan Wells,"Young Adult, Dystopia, Science Fiction, Post Apocalyptic, Fiction, Fantasy, Romance",0
Abandon,Meg Cabot,"Young Adult, Fantasy, Mythology, Romance, Paranormal, Fiction, Paranormal Romance",0
His Kiss,Melanie Marks,"Young Adult, Romance, Contemporary, High School, Chick Lit, Young Adult Romance, Teen",0
Afterlife,Claudia Gray,"Vampires, Young Adult, Paranormal, Fantasy, Romance, Ghosts, Paranormal Romance",0
The Blue Sword,Robin McKinley,"Fantasy, Young Adult, Fiction, Romance, Adventure, Magic, Young Adult Fantasy",0
Fallen Too Far,Abbi Glines,"Romance, New Adult, Contemporary, Contemporary Romance, Young Adult, Chick Lit, Adult",0
Rapture,Lauren Kate,"Young Adult, Fantasy, Angels, Romance, Paranormal, Paranormal Romance, Supernatural",0
Wild Magic,Tamora Pierce,"Fantasy, Young Adult, Fiction, Magic, Young Adult Fantasy, Adventure, High Fantasy",0
The Tail of Emily Windsnap,Liz Kessler,"Fantasy, Middle Grade, Mermaids, Childrens, Fiction, Young Adult, Adventure",0
Gone,Michael  Grant,"Young Adult, Dystopia, Fantasy, Science Fiction, Fiction, Paranormal, Romance",0
Redwall,Brian Jacques,"Fantasy, Fiction, Young Adult, Childrens, Animals, Middle Grade, Adventure",0
Sabriel,Garth Nix,"Fantasy, Young Adult, Fiction, Magic, High Fantasy, Young Adult Fantasy, Adventure",0
Blubber,Judy Blume,"Fiction, Young Adult, Childrens, Middle Grade, Realistic Fiction, Banned Books, Classics",0
The Secret Life of Bees,Sue Monk Kidd,"Fiction, Historical Fiction, Classics, Young Adult, Historical, Contemporary, Adult Fiction",0
Peeps,Scott Westerfeld,"Young Adult, Vampires, Fantasy, Science Fiction, Paranormal, Fiction, Horror",0
Charlotte's Web,E.B. White,"Classics, Fiction, Childrens, Fantasy, Young Adult, Middle Grade, Animals",0
The Book of Three,Lloyd Alexander,"Fantasy, Young Adult, Fiction, Childrens, Middle Grade, Classics, Adventure",0
Blackbringer,Laini Taylor,"Fantasy, Young Adult, Fiction, Magic, Fairies, Adventure, Fae",0
The Warrior Heir,Cinda Williams Chima,"Fantasy, Young Adult, Magic, Fiction, Young Adult Fantasy, Urban Fantasy, Adventure",0
Providence,Jamie McGuire,"Paranormal, Romance, Fantasy, Young Adult, Angels, New Adult, Paranormal Romance",0
I Am Number Four,Pittacus Lore,"Young Adult, Fantasy, Science Fiction, Fiction, Aliens, Romance, Paranormal",0
Don't Judge a Girl by Her Cover,Ally Carter,"Young Adult, Mystery, Romance, Contemporary, Fiction, Espionage, Adventure",0
Shadows,Jennifer L. Armentrout,"Young Adult, Paranormal, Romance, Aliens, Fantasy, Science Fiction, Paranormal Romance",0
Only the Good Spy Young,Ally Carter,"Young Adult, Mystery, Romance, Contemporary, Espionage, Fiction, Adventure",0
Cross My Heart and Hope to Spy,Ally Carter,"Young Adult, Mystery, Romance, Contemporary, Fiction, Espionage, Adventure",0
Forever,Maggie Stiefvater,"Young Adult, Fantasy, Romance, Paranormal, Werewolves, Fiction, Paranormal Romance",0
Flat-Out Love,Jessica Park,"Romance, Young Adult, New Adult, Contemporary, Chick Lit, Contemporary Romance, Fiction",0
The Scorpio Races,Maggie Stiefvater,"Fantasy, Young Adult, Fiction, Mythology, Audiobook, Young Adult",0
The Horse and His Boy,C.S. Lewis,"Fiction, Young Adult, Childrens, Adventure, Middle Grade, Classics, Christian Fiction",0
Misguided Angel,Melissa de la Cruz,"Young Ault, Fantasy, Paranormal, Romance, Angels, Urban Fantasy",0
The Voyage of the Dawn Treader,C.S. Lewis,"Fantasy, Fiction, Classics, Young Adult, Childrens, Adventure, Christian",0
A Wrinkle in Time,Madeleine L'Engle,"Fantasy, Fiction, Classics, Young Adult, Science Fiction, Childrens, Middle Grade",0
Lost in Time,Melissa de la Cruz,"Vampires, Young Adult, Fantasy, Paranormal, Romance, Angels, Paranormal Romance",0
Spark,Brigid Kemmerer,"Young Adult, Paranormal, Fantasy, Romance, Supernatural, Paranormal Romance, Magic",0
Betrayals,Lili St. Crow,"Young Adult, Vampires, Paranormal, Fantasy, Urban Fantasy, Werewolves, Romance",0
Jealousy,Lili St. Crow,"Young Adult, Vampires, Paranormal, Fantasy, Urban Fantasy, Werewolves, Romance",0
Defiance,Lili St. Crow,"Young Adult, Vampires, Paranormal, Fantasy, Urban Fantasy, Werewolves, Romance",0
Red Rising,Pierce Brown,"Science Fiction, Fantasy, Fiction, Young Adult, Dystopia, Audiobook, Adult",0
The Hobbit,J.R.R. Tolkien,"Fantasy, Classics, Fiction, Adventure, Young Adult, High Fantasy, Science Fiction Fantasy",0
Ella Enchanted,Gail Carson Levine,"Fantasy, Young Adult, Fiction, Romance, Middle Grade, Childrens, Fairy Tales",0
The Lost Hero,Rick Riordan,"Young Adult, Mythology. Fiction. Middle Grade, Adventure, Greek Mythology, Childrens",0
The Little Prince,Antione de Saint-Exupery,"Classics, Fiction, Fantasy, Childrens. France, Philosophy, Young Adult",0
Bad Beginning ,Lemony Snicket,"Fiction. Young Adult, Childrens. Fantasy, Middle Grade, Mystery, Adventure",0
Ender's Game,Orson Scott Card,"Science Fiction, Fiction, Young Adult, Fantasy, Classics, Science Fiction Fantasy, Dystopia",0
Tuck Everlasting,Natalie Babbit,"Fantasy, Classics, Young Adult, Fiction, Childrens, Middle Grade, School",0
City of Ember,Jeanee DuPrau,"Young Adult, Dystopia, Fantasy, Science Fiction, Fiction, Middle Grade, Childrens",0
The Phantom Tollbooth,Norton Juster,"Fantasy, Fiction, Classics, Childrens, Young Adult, Middle Grade, Adventure",0
A Little Princess,Frances Hodge Burnett,"Classics, Fiction, Childrens, Young Adult, Historical Fiction, Middle Grade, Historical",0
Where the Red Fern Grows,Wilson Rawls,"Classics, Fiction, Young Adult, Childrens, Middle Grade, Historical Fiction, Animals",0
Howl's Moving Castle,Dians Wynne Jones,"Fantasy, Young Adult, Fiction, Romance, Middle Grade, Magic, Classics",0
A Great and Terrible Beauty,Libba Bray,"Fantasy, Young Adult, Historical Fiction, Fiction, Historical, Paranormal, Romance",0
Princess Academy,Shannon Hale,"Fantasy, Young Adult, Middle Grade, Fiction, Childrens, Romance, Fairy Tales",0
Beautiful Creatures,Kami Garcia,"Fantasy, Young Adult, Paranormal, Romance, Fiction, Magic, Supernatural",0
Because of Winn Dixie,Kate DiCamillo,"Fiction, Childrens, Middle Grade Realistic Fiction, Young Adult, Classics, Animals",0
Black Beauty,Anna Sewell,"Classics, Fiction, Childrens, Animals, Young Adult, Horses, Historical Fiction",0
Astrid Lindgren,Pippi Longstocking,"Classics, Childrens, Fiction, Middle Grade, Young Adult, Fantasy, Humor",0
Where the Sidewalk Ends,Shel Silverstein,"Poetry, Childrens, Classics, Fiction, Humor, Young Adult, Picture Books",0
From the Mixed-Up Files of Mrs. Basil E. Frankweiler,E.L. Konigsburg,"Fiction, Childrens. Young Adult, Middle Grade, Mystery, Classics Realistic Fiction",0
Flipped,Wendelin Van Draanen,"Young Adult, Romance, Fiction, Contemporary, Realistic Fiction, Middle Grade, Childrens",0
The Witch of Blackbird Pond,Elizabeth George Speare,"Historical Fiction, Young Adult, Fiction, Classics, Childrens, Historical, Middle Grade",0
The Chain Between Worlds,Johnathon Nicolaou,"Fantasy, Young Adult, Urban Fantasy, Fiction, Young Adult Fantas",0
Maniac Magee,Jerry Spinelli,"Young Adult, Fiction, Childrens, Middle Grade, Realistic Fiction, School, Classics",0
Wonder,R.J. Palacio,"Young Adult, Fiction, Middle Grade, Contemporary, Realistic Fiction, Childrens, School",0
Miss Peregrine's Home for Peculiar Children,Ransom Riggs,"Fantasy, Young Adult, Fiction, Paranormal, Mystery, Horror, Historical Fiction",0
The Tale of Despereaux,Kate DiCamillo,"Fantasy, Fiction, Childrens, Middle Grade, Young Adult, Animals, Adventure",0
The Red Pyramid,Rick Riordan,"Fantasy, Mythology, Young Adult, Middle Grade, Fiction, Adventure, Childrens",0
An Abundance of Katherines,John Green,"Young Adult, Fiction, Contemporary, Romance, Realistic Fiction, Teen, Humor",0
Beastly,Alex Flinn,"Fantasy, Young Adult, Romance, Fairy Tales, Retellings, Fiction,  Paranormal",0
The Witches,Roald Dahl,"Fantasy, Childrens, Fiction, Classics, Middle Grade, Young Adult, Witches",0
James and the Giant Peach,Roald Dahl,"Childrens, Fantasy, Fiction, Young Adult, Middle Grade, Adventure",0
The Thief Lord,Cornelia Funke,"Fantasy, Young Adult, Fiction, Middle Grade, Childrens, Adventure, Mystery",0
A Separate Peace,John Knowles,"Classics, Fiction, Young Adult, Historical Fiction, School, Coming Of Age, High School",0
Diary of a Wimpy Kio,Jeff Kinney,"Fiction, Humor, Childrens, Middle Grade, Young Adult, Realistic Fiction, Graphic Novels",0
The Neverending Story,Michael Ende,"Fantasy, Classics, Fiction, Young Adult, Childrens, Adventure, German Literature",0
Call of the Wild,Jack London,"Classics, Fiction, Adventure, Young Adult, Animals, Historical Fiction, Literature",0
The BFG,Roald Dahl,"Fantasy, Childrens, Fiction, Classics, Middle Grade, Young Adult, Humor",0
Beauty: A Retelling of the Story of Beauty and the Beast,Robin McKinley,"Fantasy, Young Adult, Romance, Fairy Tales, Fiction, Retellings, Beauty and The Beast",0
Book of a Thousand Days,Shannon Hale,"Fantasy, Young Adult, Romance, Fiction, Fairy Tales, Retellings, Historical Fiction",0
The Knife of Never Letting Go,Patrick Ness,"Young Adult, Dystopia, Science Fiction, Fantasy, Fiction, Adventure, Teen",0
The 5th Wave,Rick Yancey,"Young Adult, Science Fiction, Dystopia, Fiction, Fantasy, Aliens, Romance",0
Gregor the Overlander,Suzanne Collins,"Fantasy, Young Adult, Middle Grade, Fiction, Adventure, Childrens, Juvenile",0
Little House in the Big Woods,Laura Ingalls Wilder,"Classics, Historical Fiction, Childrens, Fiction, Young Adult, Historical, Middle Grade",0
I Am the Messenger,Markus Zusak,"Young Adult, Fiction, Mystery, Contemporary, Realistic Fiction, Australia, Audiobook",0
The Alchemyst,Michael Scott,"Fantasy, Young Adult, Fiction, Magic, Mythology, Adventure, Middle Grade",0
Sideways Stories from Wayside School,Louis Sachar,"Childrens Fiction Humor, Middle Grade, Young Adult, Fantasy, Short Stories",0
The Amulet of Samarkand,Jonathan Stroud,"Fantasy, Young Adult, Fiction, Magic, Middle Grade, Childrens, Adventure",0
The Mysterious Benedict Society,Trenton Lee Stewart,"Mystery, Fiction, Middle Grade, Young Adult, Fantasy, Childrens, Adventure",0
Elsewhere,Gabrielle Zevin,"Young Adult, Fantasy, Fiction, Romance, Death, Teen, Paranormal",0
Shadowland,Meg Cabot,"Young Adult, Fantasy, Paranormal, Romance, Ghosts, Fiction, Supernatural",0
Dealing with Dragons,Patricia C. Wrede,"Fantasy, Young Adult, Dragons, Fiction, Middle Grade, Childrens, Magic",0
The Night Circus,Erin Morgenstern,"Fantasy, Fiction, Romance, Historical Fiction, Magical Realism, Magic, Young Adult",0
Heidi,Johanna Spyri,"Classics, Fiction, Childrens, Young Adult, Historical Fiction, Middle Grade, Historical",0
My Side of the Mountain,Jean Craighead George,"Fiction, Young Adult, Classics, Childrens, Adventure, Middle Grade, Survival",0
Stormbreaker,Athony Horowitz,"Young Adult, Fiction, Adventure, Mystery, Thriller, Action,  Espionage",0
It's Kind of a Funny Story,Ned Vizzini,"Young Adult, Fiction, Contemporary, Mental Health, Mental Illness, Realistic Fiction, Romance",0
The Unbecoming of Mara Dyer,Michelle Hodkin,"Young Adult, Fantasy, Paranormal, Romance, Mystery, Fiction, Supernatural",0
The Darkest Minds,Alexandra Bracken,"Young Adult, Dystopia, Fantasy, Science Fiction, Romance, Fiction, Paranormal",0
The Indian in the Cupboard,Lynee Reid Banks,"Fantasy, Childrens, Fiction, Young Adult, Classics, Middle Grade, Juvenile",0
Matilda,Roald Dahl,"Childrens, Fiction, Classics, Fantasy, Middle Grade, Young Adult, Humor",0
The Luxe,Anna Godbersen,"Historical Fiction, Young Adult, Romance, Historical, Fiction, Historical Romance, Chick Lit",0
A Wizard of Earthsea,Ursula K. Le Guin,"Fantasy, Fiction, Young Adult, Classics, Science Fiction Fantasy, Magic, High Fantasy",0
"Tomorrow, When the War Began",John Marsden,"Young Adult, Fiction, Dystopia, War, Science Fiction, Adventure, Australia",0
I Capture the Castle,Dodie Smith,"Classics, Fiction, Young Adul, Historical Fiction, Romance, Coming Of Age, Historical",0
How I Live Now,Meg Rosoff,"Young Adult, Fiction, Dystopia, Romance, War, Science Fiction, Teen",0
A Monster Calls,Patrick Ness,"Fantasy, Young Adult, Fiction, Horror, Middle Grade, Contemporary, Magical Realism",0
Keeping the Moon,Sarah Dessen,"Young Adult, Romance, Contemporary, Fiction,  Realistic Fiction, Chick Lit, Teen",0
Julie of the Wolves,Jean Craighead George,"Young Adult, Fiction, Childrens, Classics, Historical Fiction, Middle Grade, Adventure",0
Weetzie Bat,Fracesca Lia Block,"Young Adult, Fiction,  Fantasy, Magical Realism, LGBT, Teen, Romance",0
Harriet the Spy,Louise Fitzhugh,"Fiction, Childrens, Middle Grade, Young Adult, Classics, Mystery, Realistic Fiction",0
The Wind in the Willows,Kenneth Grahame,"Classics, Fiction, Childrens, Fantasy, Animals, Young Adult, Middle Grade",0
Out of the Dust,Karen Hesse,"Historical Fiction, Poetry, Young Adult, Fiction, Middle Grade, Childrens, Historical",0
The Last Unicorn,Peter S. Beagle,"Fantasy, Fiction, Classics, Young Adult, Graphic Novels, Childrens, Adventure",0
The Devil's Arithmetic,Jane Yolen,"Historical Fiction, Young Adult, Holocaust. Fiction, Historical, World War II, Time Travel",0
East,Edith Pattou,"Fantasy, Young Adult, Romance, Retellings, Fairy Tales, Fiction, Adventure",0
The Chocolate War,Robert Cormier,"Young Adult, Fiction, Classics, Realistic Fiction, Banned Books, Teen, School",0
The Summer I Turned Pretty,Jenny Han,"Romance, Young Adult, Contemporary, Fiction, Audiobook, Chick Lit, Realistic Fiction",0
An Ember in the Ashes,Sabaa Tahir,"Fantasy, Young Adult, Romance, Fiction, Young Adult Fantasy, Dystopia, High Fantasy",0
The Looking Glass Wars,Frank Beddor,"Fantasy, Young Adult, Fiction, Retellings, Adventure, Steampunk, Magic",0
The Demon King,Clinda Willams Chima,"Fantasy, Young Adult, Magic, Young Adult Fantasy, Romance, High Fantasy, Fiction",0
Stolen,Lucy Christopher,"Young Adult, Contemporary, Fiction, Romance, Realistic Fiction, Thriller, Mystery",0
Lady Midnight,Cassandra Clare,"Fantasy, Young Adult, Romance, Paranormal, Urban Fantasy, Young Adult Fantasy, Fiction",0
The Chosen,Charim Potok,"Fiction, Classics, Historical Fiction, Young Adult, Jewish, Religion, School",0
Tangerine,Edward Bloor,"Young Adult, Fiction, Realistic Fiction,Sports, School, Middle Grade, Read For School",0
King of the Wind: The Story of the Godolphin Arabia,Marguertie Henry,"Horses, Fiction, Historical Fiction, Childrens, Animals, Classics, Young Adult",0
Leviathan,Scott Westerfeld,"Steampunk, Young Adult, Fantasy, Science Fiction, Historical Fiction, Fiction, Alternate History",0
Isle of Winds,James Fahy,"Fantasy, Middle Grade, Young Adult, Fiction, Magic, Fae, Childrens",0
Born at Midnight,C.C. Hunter,"Fantasy, Young Adult, Paranormal, Vampires, Romance, Werewolves, Supernatural",0
The Face on the Milk Carton,Caroline B. Cooney,"Young Adult, Mystery, Fiction, Childrens, Realistic Fiction, Teen, Middle Grade",0
The Miraculous Journey of Edward Tulane,Kate DiCamillo,"Fantasy, Fiction, Childrens, Middle Grade, Young Adult, Adventure, Animals",0
Switched,Amanda Hocking,"Fantasy, Young Adult, Paranormal, Romance, Fiction, Urban Fantasy, Paranormal Romance",0
Fever 1793,Laurie Halse Anderson,"Historical Fiction, Young Adult, Fiction, Historical, Middle Grade, Childrens, School",0
Savvy,Ingrid Law,"Fantasy, Middle Grade, Young Adult, Fiction. Childrens, Adventure,  Magic",0
Peter and the Starcatchers,Dave Barry,"Fantasy, Young Adult, Fiction, Middle Grade, Adventure, Childrens, Retellings",0
Freaky Friday,Mary Rodgers,"Young Adult, Fiction, Fantasy, Childrens, Middle Grade,Humor, Classics",0
Tiger's Curse,Colleen Houck,"Young Adult, Romance, Paranormal, Mythology, Magic, Fiction",0
Avalon High,Meg Cabot,"Young Adult, Fantasy, Romance, Fiction, Chick Lit, Mythology, Teen",0
Little Brother,Cory Doctorow,"Young Adult, Science Fiction, Fiction, Dystopia, Cyberpunk, Teen, Thriller",0
Dragonsong,Anne McCaffrey,"Fantasy, Science Fiction, Dragons, Young Adult, Fiction, Science Fiction Fantasy, Adventure",0
Saving Francesca,Meliina Marchetta,"Young Adult, Contemporary, Fiction, Mental Health, Audiobook, Drama, Young Adult Contemporary",0
The Heart of Aleppo: A Story of the Syrian Civil War,Ammar Habib,"Historical Fiction, Young Adult, Fiction, Historical, Contemporary, War, Inspirational",0
Dragonflight,Anne McCaffrey,"Fantasy, Science Fiction, Dragons, Fiction, Science Fiction Fantasy, Young Adult, High Fantasy",0
Dairy Queen,Catherine Gilbert Murdock,"Young Adult, Contemporary, Sports, Romance, Realistic Fiction, Fiction, Teen",0
The Steward,Christopher Shields,"Fantasy, Young Adult, Fae, Urban Fantasy, Fiction, Paranormal,  Magic",0
The Wales Boy,Rachel M. Greenebaum Moretti,"Young Adult, Fantasy, Paranormal, Paranormal Romance, Romance",0
Summer of My German Soldier,Bette Greene,"Historical Fiction, Young Adult, Fiction, World War II, Romance, Classics, Historical",0
Willow,Julia Hoban,"Young Adult, Romance, Contemporary, Fiction, Mental Health, Realistic Fiction, Mental Illness",0
The Cruel Prince,Holly Black,"Fantasy, Young Adult, Romance, Fae, Fiction, Young Adult Fantasy, Magic",0
The Egypt Game,Zippha Ketly Snyder,"Fiction, Young Adult, Childrens, Middle Grade, Mystery, Fantasy, Egypt",0
Eon: Dragoneye Reborn,Alison Goodman,"Fantasy, Young Adult, Dragons, Magic, Fiction, Young Adult Fantasy, High Fantasy",0
The Prince and the Pauper,Mark Twain,"Classics, Fiction, Historical Fiction, Literature, Childrens, Adventure, Young Adult",0
How to Eat Fried Worms,Thomas Rockwell,"Childrens, Fiction, Young Adult, Middle Grade, Humor, Realistic Fiction, Juvenile",0
The First Pillar,Roy Huff,"Fantasy, Young Adult, Science Fiction, Fiction, Adventure, Paranormal, Science Fiction Fantasy",0
Steelheart,Brandon Sanderson,"Fantasy, Young Adult, Science Fiction, Dystopia, Fiction, Urban Fantasy, Superheroes",0
The View from Saturday,E.L. Konigsburg,"Young Adult, Fiction, Middle Grade, Childrens, Realistic Fiction, School, Juvenile",0
Bloody Jack,L.A. Meyer,"Historical Fiction, Young Adult, Adventure, Pirates, Fiction, Historical, Audiobook",0
Homecoming,Cythia Voigt,"Young Adult, Fiction, Realistic Fiction, Middle Grade, Childrens, Contemporary, Classics",0
Ghostgirl,Tonya Hurley,"Young Adult, Fantasy, Paranormal, Ghosts, Romance, Fiction, Supernatural",0
Token Huntress,Kia Carrington-Russell,"Fantasy, Paranormal, Vampires, Romance, Paranormal Romance, Dystopia, Supernatural",0
The Book of Lost Things,John Connolly,"Fantasy, Fiction, Young Adult, Horror, Fairy Tales, Books About Books, Adventure",0
"That Was Then, This Is Now",S.E. Hinton,"Young Adult, Fiction, Classics, Coming Of Age, Realistic Fiction, Contemporary, Teen",0
A Northern Light,Jennifer Donnelly,"Historical Fiction, Young Adult, Fiction, Mystery, Historical, Romance, Teen",0
Angela's Ashes,Fank McCourt,"Nonfiction, Memoir, Biography, Classics, Ireland, Autobiography, Biography Memoir",0
Seraphina,Rachel Hartman,"Fantasy, Young Adult, Dragons, Fiction, Romance, Young Adult Fantasy, High Fantasy",0
Wildwood Dancing,Juliet Marillier,"Fantasy, Young Adult, Romance, Fairy Tales, Retellings, Fiction, Historical Fiction",0
Skulduggery Pleasant,Derek Landy,"Fantasy, Young Adult, Mystery, Fiction, Urban Fantasy, Middle Grade, Magic",0
Wither,Lauren DeStefano,"Young Adult, Dystopia, Romance, Science Fiction, Fantasy, Fiction, Teen",0
Skellig,David Almond,"Fantasy, Young Adult, Fiction, Middle Grade, Childrens, Magical Realism, Novels",0
Daddy-Long-Legs,Jean Webster,"Classics, Fiction, Young Adult, Romance, Historical Fiction, Childrens, Novels",0
The Sky Is Everywhere,Jandy Nelson,"Young Adult, Romance, Contemporary, Fiction, Realistic Fiction, Young Adult Contemporary, Music",0
Airhead,Meg Cabot,"Young Adult, Romance, Chick Lit, Contemporary, Fiction, Science Fiction, Teen",0
Letters from Rifka,Karen Hesse,"Historical Fiction, Young Adult, Fiction, Middle Grade, Historical, Childrens, Holocaust",0
Incarceron,Catherine Fisher,"Fantasy, Young Adult, Dystopia, Science Fiction, Steampunk, Fiction, Adventure",0
Cheaper by the Dozen,"Frank B, Gilberth Jr.","Nonfiction, Classics, Biography, Memoir, Humor, Childrens, Biography Memoir",0
Die for Me,Amy Plum,"Young Adult, Paranormal, Fantasy, Romance, Paranormal Romance, Zombies, Supernatural",0
The Wee Free Men,Terry Pratchett,"Fantasy, Fiction, Young Adult, Humor, Childrens, Audiobook, Magic",0
Circle of Five,Jan Raymond,"Fantasy, Young Adult, Science Fiction, Aliens, Fiction, Adventure, Paranormal",0
Sweet Evil,Wendy Higgins,"Young Adult, Paranormal, Fantasy, Romance, Angels, Demons, Paranormal Romance",0
The Merchant of Death,D.J. MacHale,"Fantasy, Young Adult, Fiction, Science Fiction, Adventure, Middle Grade, Childrens",0
Jeremy Fink and the Meaning of Life,Wendy Mass,"Young Adult, Realistic Fiction, Middle Grade, Fiction, Mystery, Contemporary, Childrens",0
The Wednesday Wars,Gary D. Schmidt,"Historical Fiction, Young Adult, Fiction, Middle Grade, Realistic Fiction, Historical, Childrens",0
Princess of Gossip,Julia DeVillers,"Young Adult, Chick Lit, Fiction, Contemporary",0
Dear Mr. Henshaw,Beverly Cleary,"Fiction, Childrens, Middle Grade, Realistic Fiction, Young Adult, Classics, Juvenile",0
Crossroads,Mary Ting,"Angels, Fantasy, Young Adult, Paranormal, Romance, Paranormal Romance, Demons",0
Enclave,Ann Aguirre,"Young Adult, Dystopia, Zombies, Science Fiction, Post Apocalyptic, Fantasy, Romance",0
The Naming,Alison Croggon,"Fantasy, Young Adult, Fiction, High Fantasy, Magic, Young Adult Fantasy, Adventure",0
Children of Blood and Bone,Tomi Adeyemi,"Fantasy, Young Adult, Fiction, Young Adult Fantasy, Magic, Audiobook, Romance",0
Dragon Rider,Cornelia Funke,"Fantasy, Dragons, Young Adult, Fiction, Middle Grade, Childrens, Adventure",0
Starcrossed,Josephine Angelini,"Fantasy, Young Adult, Mythology, Romance, Paranormal, Greek Mythology, Paranormal Romance",0
Anna Dressed in Blood,Kendare Blake,"Young Adult, Horror, Paranormal, Fantasy, Ghosts, Romance, Supernatural",0
Vampire Kisses,Ellen Schreiber,"Vampires, Young Adult, Paranormal, Fantasy, Romance, Paranormal Romance, Supernatural",0
Falling From Grace,S.L. Naeole,"Angels, Young Adult, Paranormal, Romance, Fantasy, Paranormal Romance, Supernatural",0
Code Name Verity,Elizabeth Wein,"Historical Fiction, Young Adult, Fiction, Historical, World War II, War, Audiobook",0
The Penderwicks,Jeanne Birdsall,"Middle Grade, Fiction, Childrens, Realistic Fiction, Young Adult, Family, Audiobook",0
Jessica's Guide to Dating on the Dark Side,Beth Fantaskey,"Young Adult, Vampires, Romance, Paranormal, Paranormal Romance, Supernatural, Fiction",0
Mortal Engines,Philip Reeve,"Fantasy, Young Adult, Science Fiction, Steampunk, Fiction, Dystopia, Adventure",0
The Jungle Books,Rudyard Kipling,"Classics, Fiction, Childrens, Fantasy, Adventure, Short Stories, Literature",0
The Magicians' Guild,Trudi Canavan,"Fantasy, Magic, Young Adult, Fiction, High Fantasy, Epic Fantasy, Adventure",0
The Body Finder,Kimberly Derting,"Young Adult, Paranormal, Mystery, Fantasy, Romance, Fiction, Supernatural",0
Cutters Don't Cry,Chrstine Dzidrums,"Mental Health, Mental Illness, Young Adult, Fiction, Realistic Fiction, Psychology, Contemporary",0
The Wonderful Wizard of Oz,L. Frank Baum,"Classics, Fantasy, Fiction, Childrens, Young Adult, Adventure, Middle Grade",0
Strange the Dreamer,Laini Taylor,"Fantasy, Young Adult, Romance, Fiction, Young Adult Fantasy, Audiobook, Magic",0
Angel,"L.A, Weatherly","Angels, Young Adult, Fantasy, Paranormal, Romance, Paranormal Romance, Urban Fantasy",0
The Screwtape Letters,C.S. Lewis,"Fiction, Christian, Classics, Religion, Christianity, Fantasy, Theology",0
The Bronze Bow,Elizabeth George Speare,"Historical Fiction, Young Adult, Fiction, Classics, Historical, Childrens, Middle Grade",0
The Diviners,Libba Bray,"Fantasy, Young Adult, Historical Fiction, Paranormal, Mystery, Historical, Horror",0
The Blue Castle,L.M. Montgomery,"Classics, Romance, Fiction, Historical Fiction, Young Adult, Historical, Canada",0
The Kiss of Deception,Mary E. Pearson,"Fantasy, Young Adult, Romance, Young Adult Fantasy, Fiction, High Fantasy, Magic",0
This Savage Song,Victoria Schwab,"Fantasy, Young Adult, Dystopia, Paranormal, Urban Fantasy, Fiction, Young Adult Fantasy",0
Chasing Vermeer,Blue Balliett,"Mystery, Middle Grade, Fiction, Young Adult, Childrens, Art, Adventure",0
Hate List,Jennifer Brown,"Young Adult, Contemporary, Fiction, Realistic Fiction, Teen, Mental Health, High School",0
Z for Zachariah,Robert C. O'Brien,"Young Adult, Science Fiction, Fiction, Post Apocalyptic, Dystopia, Apocalyptic, Survival",0
Mistress Suffragette,Diana Forbes,"Historical Fiction, Fiction, Romance, New Adult, Historical, Adult, Young Adult",0
Shadow Hills,Anastasia Hopcus,"Young Adult, Paranormal, Fantasy, Romance, Mystery, Fiction, Supernatural",0
Dragon Slippers,Jessica Day George,"Fantasy, Dragons, Young Adult, Middle Grade, Fiction, Adventure, Childrens",0
White Cat,Holly Black,"Fantasy, Young Adult, Urban Fantasy, Paranormal, Magic, Fiction, Mystery",0
Airborn,Kenneth Oppel,"Fantasy, Young Adult, Steampunk, Science Fiction, Adventure, Fiction, Teen",0
Carvel,Stephanie Garber,"Fantasy, Young Adult, Romance, Fiction, Young Adult Fantasy, Magic, Mystery",0
"Over Sea, Under Stone",Susan Cooper,"Fantasy, Young Adult, Fiction, Childrens, Middle Grade, Adventure, Arthurian",0
So You Want to Be a Wizard,Diane Duane,"Fantasy, Young Adult, Fiction, Magic, Urban Fantasy, Middle Grade, Childrens",0
Private,Kate Brian,"Young Adult, Mystery, Contemporary, Fiction, Romance, Chick Lit, Boarding School",0
Shiloh,Phyllis Reynolds Naylor,"Fiction, Childrens, Classics, Animals, Young Adult, Middle Grade, Realistic Fiction",0
How to Be Popular,Meg Cabot,"Young Adult, Romance, Chick Lit, Contemporary, Fiction, Teen, Realistic Fiction",0
Illuminae,Amie Kaufman,"Science Fiction, Young Adult, Romance, Fantasy, Fiction, Dystopia, Audiobook",0
North of Beautiful,Justina Chen,"Young Adult, Romance, Contemporary, Realistic Fiction, Fiction, Teen, Chick Lit",0
"The Earth, My Butt, and Other Big Round Things",Carolyn Mackler,"Young Adult, Fiction, Realistic Fiction, Contemporary, Teen, Chick Lit, Humor",0
Book of Shadows,Cate Tiernan,"Young Adult, Fantasy, Witches, Paranormal, Magic, Romance, Fiction",0
Hope Was Here,Joan Baur,"Young Adult, Realistic Fiction, Fiction, Contemporary, Middle Grade, Teen, Coming Of Age",0
The Rithmatist,Brandon Sanderson,"Fantasy, Young Adult, Steampunk, Fiction, Mystery, Magic, Science Fiction",0
Lament,Maggie Stiefvater,"Fantasy, Young Adult, Romance, Paranormal, Fairies, Fae, Urban Fantasy",0
Blood Red Road,Moira Young,"Young Adult, Dystopia, Fantasy, Romance, Science Fiction, Post Apocalyptic, Adventure",0
Mister Monday,Grath Nix,"Fantasy, Young Adult, Fiction, Middle Grade, Childrens, Adventure, Magic",0
Caddie Woodlawn,Carol Ryrie Brink,"Historical Fiction, Childrens, Fiction, Classics, Young Adult, Middle Grade, Historical",0
Obernewtyn,Isobelle Carmody,"Fantasy, Young Adult, Dystopia, Science Fiction, Fiction, Post Apocalyptic, Young Adult Fantasy",0
Green Rider,Kristen Britan,"Fantasy, Young Adult, Fiction, High Fantasy, Magic, Adventure, Epic Fantasy",0
Generation Dead,Daniel Waters,"Young Adult, Zombies, Fantasy, Paranormal, Romance, Fiction, Supernatural",0
Catori's Worlds,Murielle Cyr,"Science Fiction, Young Adult, Coming Of Age, Adventure, Young Adult Romance, Environment, Fantasy",0
The Whipping Boy,Sid Fleischman,"Historical Fiction, Fiction, Childrens, Young Adult, Middle Grade, Classics, Adventure",0
Memoirs of a Teenage Amnesiac,Gabrielle Zevin,"Young Adult, Contemporary, Romance, Fiction. Realistic Fiction, Teen, High School",0
Visions,Lauren Klever,"Fantasy, Young Adult, Adventure, Fiction, Paranormal, Urban Fantasy, Suspense",0
Secrets of the Realm,Bev Stout,"Historical Fiction, Young Adult, Historical, Middle Grade, Fiction, Coming Of Age, Fantasy",0
Double Identity,Margaret Peterson Haddix,"Young Adult, Science Fiction, Fiction, Mystery, Fantasy, Middle Grade, Childrens",0
The Field Guide,Holly Black,"Fantasy, Middle Grade, Childrens, Fiction, Young Adult, Adventure, Magic",0
Rumble Fish,S.E. Hinton,"Young Adult,  Fiction, Classics, Coming Of Age, Realistic Fiction, Teen, Contemporary",0
Virals,Kathy Reichs,"Young Adult, Mystery, Science Fiction, Fiction, Fantasy, Adventure, Paranormal",0
Dream Caster,Najeev Raj Nadarajah,"Fantasy, Young Adult, Science Fiction, Dystopia, Post Apocalyptic, Fiction, Paranormal",0
The Silver Kiss,Annette Curtis Klause,"Young Adult, Vampires, Fantasy, Romance, Paranormal, Fiction, Horror",0
The Testing,Joelle Charbonneau,"Dystopia, Young Adult, Science Fiction, Fiction, Fantasy, Romance, Post Apocalyptic",0
Oh. My. Gods.,Tera Lynn Childs,"Young Adult, Mythology, Fantasy, Romance, Paranormal, Greek Mythology, Fiction",0
Cruel Beauty,Rosamund Hodge,"Fantasy, Young Adult, Romance, Retellings, Fairy Tales, Mythology, Young Adult Fantasy",0
The Girl Who Circumnavigated Fairyland in a Ship of Her Own Making,Catherynne M. Valente,"Fantasy, Young Adult, Middle Grade, Fiction, Childrens, Adventure, Fairy Tales",0
The Clique,Lisi Harrison,"Young Adult, Realistic Fiction, Chick Lit, Contemporary, Middle Grade, Fiction, Childrens",0
Looking for Alibrandi,Melina Marchetta,"Young Adult, Contemporary, Fiction, Romance, Australia, Coming Of Age, Realistic Fiction",0
Magyk,Angie Sage,"Fantasy, Young Adult, Middle Grade, Fiction, Magic, Childrens, Adventure",0
The Queen of the Tearling,Erika Johansen,"Fantasy, Young Adult, Fiction, Dystopia, Magic, Adult, Young Adult Fantasy",0
The Sea of Trolls,Nancy Farmer,"Fantasy, Young Adult, Mythology, Fiction, Historical Fiction, Adventure, Middle Grade",0